gene,baseMean,log2FoldChange,lfcSE,stat,pvalue,padj
GAPDH,107.692379439629,0.6854511933071769,0.1212471419379862,5.653338976499437,1.5736053062405662e-8,1.1093917408995992e-5
