"sample_ID","lambda.min"
"297",-0.43476176444625
"298",-0.35521899135921
"316",-3.54793625793888
"317",-1.0989514749604
"331",-0.367038960300829
"332",-0.337177860933561
"339",-0.497883865737874
"340",3.7484747828938
"341",-0.501514483525716
"342",-0.303623862205003
"415",-0.599233700443087
"851",-0.258015408071487
