category,subcategory,ID,Description,GeneRatio,BgRatio,RichFactor,FoldEnrichment,zScore,pvalue,p.adjust,qvalue,geneID,Count
Organismal Systems,Nervous system,hsa04727,GABAergic synapse,1/2,16/1700,0.0625,53.125,7.187500038773282,0.018740435550323675,0.04974647716649927,0.00581830142298237,2752,1
Metabolism,Energy metabolism,hsa00910,Nitrogen metabolism,1/2,17/1700,0.058823529411764705,50,6.96660724418617,0.019905826957033246,0.04974647716649927,0.00581830142298237,2752,1
Cellular Processes,Cell growth and death,hsa04217,Necroptosis,1/2,17/1700,0.058823529411764705,50,6.96660724418617,0.019905826957033246,0.04974647716649927,0.00581830142298237,2752,1
Metabolism,Amino acid metabolism,hsa00220,Arginine biosynthesis,1/2,23/1700,0.043478260869565216,36.95652173913044,5.956867012539197,0.026883633971540366,0.04974647716649927,0.00581830142298237,2752,1
Organismal Systems,Nervous system,hsa04724,Glutamatergic synapse,1/2,25/1700,0.04,34,5.703210257955886,0.029204030052280006,0.04974647716649927,0.00581830142298237,2752,1
Metabolism,Carbohydrate metabolism,hsa00630,Glyoxylate and dicarboxylate metabolism,1/2,31/1700,0.03225806451612903,27.419354838709676,5.093516657870186,0.03614859952221017,0.04974647716649927,0.00581830142298237,2752,1
Metabolism,Amino acid metabolism,hsa00250,"Alanine, aspartate and glutamate metabolism",1/2,37/1700,0.02702702702702703,22.972972972972975,4.636458781936452,0.043068240833708415,0.04974647716649927,0.00581830142298237,2752,1
Metabolism,Metabolism of cofactors and vitamins,hsa00760,Nicotinate and nicotinamide metabolism,1/2,38/1700,0.02631578947368421,22.36842105263158,4.570793125433566,0.04421909081466602,0.04974647716649927,0.00581830142298237,10135,1
