gene,baseMean,log2FoldChange,lfcSE,stat,pvalue,padj
PFKFB3,7.395064452963777,0.8478570269881384,0.19666713699511254,4.311127115300452,1.6242449461599657e-5,0.005652372412636681
ADI1,7.370829276567242,-0.4602788254521067,0.12317921807872066,-3.7366597436748976,1.864809956208128e-4,0.03244769323802143
