category,subcategory,ID,Description,GeneRatio,BgRatio,RichFactor,FoldEnrichment,zScore,pvalue,p.adjust,qvalue,geneID,Count
Metabolism,Global and overview maps,hsa01230,Biosynthesis of amino acids,10/44,75/1700,0.13333333333333333,5.151515151515151,5.992436460325121,1.1285630528397553e-5,0.001038278008612575,9.741281087669467e-4,2597/3418/5634/5214/5230/226/7167/5223/5315/6888,10
Metabolism,Global and overview maps,hsa01200,Carbon metabolism,11/44,115/1700,0.09565217391304348,3.6956521739130435,4.8785527119821195,9.62678610047458e-5,0.00426910459677221,0.004005338408870952,2746/2597/3418/5634/5214/5230/226/7167/5223/5315/6888,11
Environmental Information Processing,Signal transduction,hsa04066,HIF-1 signaling pathway,6/44,33/1700,0.18181818181818182,7.024793388429753,5.6953994567133766,1.3920993250344163e-4,0.00426910459677221,0.004005338408870952,2597/3162/3945/5214/5230/226,6
Metabolism,Carbohydrate metabolism,hsa00010,Glycolysis / Gluconeogenesis,8/44,67/1700,0.11940298507462686,4.613297150610584,4.9174601481330065,2.182291515595562e-4,0.0050192704858697925,0.004709155375758844,2597/3945/5214/5230/226/7167/5223/5315,8
Human Diseases,Cancer: overview,hsa05230,Central carbon metabolism in cancer,5/44,32/1700,0.15625,6.036931818181818,4.687441919621979,0.0011029629387907948,0.02029451807375062,0.019040623364388453,3418/3945/5214/5223/5315,5
