gene,baseMean,log2FoldChange,lfcSE,stat,pvalue,padj
FDFT1,4.701839828968864,-1.2491461696222659,0.2609995473381005,-4.78600895044509,1.7013047288564432e-6,4.687094527999501e-4
ACAA2,4.43838562739551,-1.2079577817579272,0.23162419587231978,-5.215162333143297,1.8365632696162529e-7,1.0119463615585554e-4
IMPA2,1.876071331165226,-1.1192627650427556,0.2850335861029488,-3.92677501744829,8.609244147742055e-5,0.011859233813514681
IDS,3.192973865737028,-1.0449344610270022,0.2469730321596483,-4.230965834162556,2.3269001737062748e-5,0.004273739985707191
