gene,baseMean,log2FoldChange,lfcSE,stat,pvalue,padj
PDXK,3.470331702807193,0.6629996994269209,0.16525690985725688,4.0119332982784,6.022351784307818e-5,0.015417220567828014
GAPDH,144.24079647469375,0.3091664572668725,0.07038902738464775,4.392253576362151,1.1218174801833139e-5,0.005743705498538567
UQCRB,99.3133921527012,-0.2332261751096158,0.0614897872443915,-3.7929253874738107,1.488829019266922e-4,0.0254093485954888
