category,subcategory,ID,Description,GeneRatio,BgRatio,RichFactor,FoldEnrichment,zScore,pvalue,p.adjust,qvalue,geneID,Count
Metabolism,Carbohydrate metabolism,hsa00640,Propanoate metabolism,1/1,32/1700,0.03125,53.125,7.219764539096826,0.018823529411764794,0.03568627450980398,NA,3945,1
Human Diseases,Cancer: overview,hsa05230,Central carbon metabolism in cancer,1/1,32/1700,0.03125,53.125,7.219764539096826,0.018823529411764794,0.03568627450980398,NA,3945,1
Environmental Information Processing,Signal transduction,hsa04066,HIF-1 signaling pathway,1/1,33/1700,0.030303030303030304,51.515151515151516,7.107401178711633,0.01941176470588235,0.03568627450980398,NA,3945,1
Organismal Systems,Endocrine system,hsa04922,Glucagon signaling pathway,1/1,41/1700,0.024390243902439025,41.463414634146346,6.361085963430013,0.024117647058823466,0.03568627450980398,NA,3945,1
Metabolism,Carbohydrate metabolism,hsa00620,Pyruvate metabolism,1/1,47/1700,0.02127659574468085,36.170212765957444,5.930447939739244,0.027647058823529358,0.03568627450980398,NA,3945,1
Metabolism,Amino acid metabolism,hsa00270,Cysteine and methionine metabolism,1/1,52/1700,0.019230769230769232,32.69230769230769,5.629592142625227,0.030588235294117694,0.03568627450980398,NA,3945,1
Metabolism,Carbohydrate metabolism,hsa00010,Glycolysis / Gluconeogenesis,1/1,67/1700,0.014925373134328358,25.37313432835821,4.936915467005507,0.03941176470588226,0.03941176470588226,NA,3945,1
