gene,baseMean,log2FoldChange,lfcSE,stat,pvalue,padj
HS3ST1,2.3252576568501735,-1.2124604413826325,0.27854636067468724,-4.352813795326008,1.3440129839739624e-5,0.008332880500638566
PGM2L1,4.023584232057598,0.7783387099830705,0.20498565527606324,3.7970398901076634,1.4643423264764686e-4,0.022697306060385263
EPHX1,5.9254402394622465,-0.7546477570336799,0.18356622445173304,-4.111038178660733,3.938840577083591e-5,0.012210405788959131
PNPLA2,3.7038474830524493,-0.7134770187597171,0.18080342381543912,-3.9461477205654116,7.941862718662968e-5,0.016413182951903464
