category,subcategory,ID,Description,GeneRatio,BgRatio,RichFactor,FoldEnrichment,zScore,pvalue,p.adjust,qvalue,geneID,Count
Human Diseases,Immune disease,hsa05323,Rheumatoid arthritis,1/1,26/1700,0.038461538461538464,65.38461538461539,8.024002454175559,0.015294117647058902,0.029999999999999916,NA,54,1
Cellular Processes,Transport and catabolism,hsa04142,Lysosome,1/1,51/1700,0.0196078431372549,33.333333333333336,5.686240703077327,0.029999999999999916,0.029999999999999916,NA,54,1
