gene,baseMean,log2FoldChange,lfcSE,stat,pvalue,padj
ACP5,6.008267558609986,0.9366872248195542,0.20215488376930935,4.633512717350239,3.5951266324363932e-6,0.0017256607835694688
