gene,baseMean,log2FoldChange,lfcSE,stat,pvalue,padj
ACP5,7.129930173340003,0.7284966923127415,0.18016564708475938,4.043482784318025,5.266302475672049e-5,0.011375213347451627
MGST1,12.859873223993663,-0.4041385893429712,0.10991068546389539,-3.6769726950317936,2.360182928508192e-4,0.027366863926350515
BLVRB,22.947008575996804,-0.3812436535256778,0.08742094641660214,-4.3610103659696335,1.2946323232437021e-5,0.005592811636412793
HACD4,10.988822031943343,-0.34411472830315426,0.09786495975765327,-3.5162199949327997,4.377381109220128e-4,0.03782057278366191
COX7A2L,22.458776423307246,-0.3380591079455014,0.09239611657559443,-3.6588021279976237,2.533968882069492e-4,0.027366863926350515
