gene,baseMean,log2FoldChange,lfcSE,stat,pvalue,padj
FMO2,4.4661334156397245,-0.8468434444751372,0.20214971093623943,-4.189189490071753,2.799525620508879e-5,0.00694282353886202
SGMS2,2.7316410159967464,-0.81955311701685,0.22303193839987576,-3.6745998034930163,2.382225131852083e-4,0.029539591634965827
