gene,baseMean,log2FoldChange,lfcSE,stat,pvalue,padj
GLA,2.2922968100986165,-1.3751595553888758,0.36619682544281557,-3.755247068911627,1.7317056523818796e-4,0.03812507245511585
PDE4B,4.355037701852488,-1.2869039718548405,0.3188965436180629,-4.035490498749789,5.4488344735629356e-5,0.03812507245511585
TYMP,16.72631954949135,-0.9002659032010029,0.2361867008864458,-3.811670597125763,1.3803074160020386e-4,0.03812507245511585
ACADVL,8.808511495055752,-0.7258443817594081,0.1938226811797266,-3.744888768133137,1.8047371576386203e-4,0.03812507245511585
