category,subcategory,ID,Description,GeneRatio,BgRatio,RichFactor,FoldEnrichment,zScore,pvalue,p.adjust,qvalue,geneID,Count
Metabolism,Carbohydrate metabolism,hsa00010,Glycolysis / Gluconeogenesis,9/53,67/1700,0.13432835820895522,4.308645451985356,4.955441631953872,1.4822328988132517e-4,0.018379687945284322,0.018098843817088126,2203/2597/226/5223/7167/2821/5315/2023/5230,9
Environmental Information Processing,Signal transduction,hsa04066,HIF-1 signaling pathway,6/53,33/1700,0.18181818181818182,5.831903945111493,5.026842600541469,3.9959151346555e-4,0.023424281709963427,0.02306635550386891,5293/3162/2597/226/2023/5230,6
Metabolism,Global and overview maps,hsa01200,Carbon metabolism,11/53,115/1700,0.09565217391304348,3.0680885972108283,4.1189948751509915,5.667164929829861e-4,0.023424281709963427,0.02306635550386891,2746/2203/2597/226/5223/7167/113675/2821/5315/2023/5230,11
Human Diseases,Cancer: overview,hsa05206,MicroRNAs in cancer,4/53,17/1700,0.23529411764705882,7.547169811320755,4.865459171672252,0.0014843244888330883,0.043419920697140235,0.04275645841144539,1545/5293/3162/1786,4
Metabolism,Global and overview maps,hsa01230,Biosynthesis of amino acids,8/53,75/1700,0.10666666666666667,3.4213836477987423,3.8464082623003155,0.001750803253916945,0.043419920697140235,0.04275645841144539,2597/226/5223/7167/113675/5315/2023/5230,8
