gene,baseMean,log2FoldChange,lfcSE,stat,pvalue,padj
SGMS1,0.8027153433855972,-1.3226337099161127,0.3151696489868326,-4.196577031347872,2.7097932332072373e-5,0.007885498308633061
GLUD1,5.525388346484298,-0.9929006300777002,0.21590227652705002,-4.5988428007765885,4.2484419497007235e-6,0.0024725932147258213
B3GNT5,9.017546222541762,-0.9714893660531527,0.24131959296486136,-4.025737629163877,5.679699035505241e-5,0.008263962096660126
UQCR10,8.8484123225728,0.573157124154962,0.14103176293963268,4.064028642968156,4.823290305717861e-5,0.008263962096660126
PTGES3,8.531510133098312,-0.4808351431479778,0.13365937912002976,-3.5974665325668975,3.213318261615781e-4,0.03740302456520769
