gene,baseMean,log2FoldChange,lfcSE,stat,pvalue,padj
FTH1,1851.809685411964,-0.44696850547178174,0.10641004258054818,-4.200435359599113,2.664022206633774e-5,0.014225878583424353
