gene,baseMean,log2FoldChange,lfcSE,stat,pvalue,padj
ENTPD1,3.643639183891246,1.9433870829861166,0.36468222793782634,5.328987633906413,9.876172016344502e-8,4.2846643352771294e-5
GALNT2,3.1872454217999144,1.0279674893042445,0.1951489255177422,5.267605171675852,1.3821497855732676e-7,4.2846643352771294e-5
TPI1,39.875541368933646,0.2578014344107326,0.06666092385079968,3.867354658746452,1.1002236136157127e-4,0.022737954681391392
