gene,baseMean,log2FoldChange,lfcSE,stat,pvalue,padj
ENTPD1,4.455505503449104,1.4399058247980008,0.2648197365572071,5.437305555535693,5.409232994412313e-8,3.548456844334477e-5
GALNT2,4.7126275129913635,0.848152260132395,0.16057386213798738,5.28200697697328,1.2777633118840766e-7,4.191063662979771e-5
