gene,baseMean,log2FoldChange,lfcSE,stat,pvalue,padj
CHIT1,5.422742188083784,1.9156000676118943,0.3711962629959236,5.1606124807159786,2.461432191344189e-7,4.115514623927484e-5
PLA2G7,3.593751848987691,1.4922043156905662,0.24724504551490215,6.035325450437092,1.5864262862381338e-9,1.3262523752950799e-6
HPGD,7.961139818291924,-0.9676212893620187,0.1834641126816922,-5.274172017722228,1.333567800000524e-7,3.131373133811484e-5
SGMS2,8.224418836550887,-0.9418419592422631,0.17077514679942735,-5.515099690404256,3.485823110497035e-8,1.4570740601877606e-5
B3GNT5,11.77756003088083,-0.8632360218873031,0.20180108576008401,-4.2776579651983715,1.888699256032125e-5,0.002631587630071428
PFKFB3,2.923852650820456,0.7667367452512424,0.22087159733075276,3.471413955063958,5.177252220104521e-4,0.04809092062230422
NPL,6.5236073072322505,0.7403211153813756,0.1409391135289114,5.252772611128355,1.498264657326069e-7,3.131373133811484e-5
PNPLA6,12.592825319914061,-0.6262291684791392,0.17022133763442582,-3.678911099994139,2.3423189175067566e-4,0.02797398021479498
ENPP4,6.802385450425778,-0.5285842988228013,0.14545606610537168,-3.633979063065564,2.790835192413455e-4,0.029164227760720605
