gene,baseMean,log2FoldChange,lfcSE,stat,pvalue,padj
PTGDS,2.2755887887725836,-2.06000628856313,0.6159595549498389,-3.3443856370259373,8.246502106960357e-4,0.04488978015581271
PGM2L1,1.5133426733463164,1.7520973369990738,0.3824313764131411,4.581468585114943,4.617219722878492e-6,9.834678009731188e-4
AKR1C3,2.8776563449873023,-1.6018356209512292,0.4683618250833681,-3.420081516391955,6.260237352818663e-4,0.04444768520501251
PLPP3,6.156758138866788,1.3480978856989287,0.2769841811409015,4.867057317663758,1.1327218537471476e-6,4.825395096962849e-4
LYPLA2,1.4647027393422754,0.9555907054067355,0.28625278075830884,3.338275711681443,8.430005663063419e-4,0.04488978015581271
GLUL,7.696010741034902,-0.8960022167348213,0.23218783593761888,-3.8589541657795854,1.1387328971992214e-4,0.012127505355171708
NME1,1.8465278132447553,0.8904343391166526,0.25463414930577816,3.496916425170341,4.706692614805423e-4,0.04010102107814221
GAPDH,33.32586519249966,0.6061521678639772,0.15380120900545416,3.941140461662311,8.109511901139875e-5,0.011515506899618623
