gene,baseMean,log2FoldChange,lfcSE,stat,pvalue,padj
PDE3B,10.824366968991935,0.8346487469730965,0.18037846091324716,4.627208496775677,3.7062735290390813e-6,0.0013324053336895498
PDE4A,4.01949391140294,-0.7860350400810829,0.18907633395311896,-4.157236517373869,3.221204534001238e-5,0.0077201535331563
GALNT2,3.5921068957533593,0.7556780943841067,0.2011921587026611,3.7560017212246932,1.7264950582630747e-4,0.031033748672278767
GLUD1,8.562667470640822,-0.7126542415757511,0.143163420137442,-4.977907351553753,6.42754076624439e-7,4.6214018109297166e-4
DGKA,7.20406883935832,0.6310409436771313,0.1742294705114091,3.621895548582343,2.9245220986254624e-4,0.03782257991215391
HIBCH,4.24608528154835,0.5636469917276589,0.1564762449053994,3.6021249875239656,3.156265361236766e-4,0.03782257991215391
