category,subcategory,ID,Description,GeneRatio,BgRatio,RichFactor,FoldEnrichment,zScore,pvalue,p.adjust,qvalue,geneID,Count
Metabolism,Global and overview maps,hsa01230,Biosynthesis of amino acids,9/38,75/1700,0.12,5.368421052631579,5.84926663009227,2.2637951581687264e-5,0.001969501787606792,0.0018586949719701124,10993/113675/586/3418/7167/2752/2023/5315/5230,9
Metabolism,Carbohydrate metabolism,hsa00010,Glycolysis / Gluconeogenesis,7/38,67/1700,0.1044776119402985,4.6739984289080905,4.638272428058583,5.141833228949641e-4,0.022366974545930937,0.021108578518845893,2203/3939/7167/3945/2023/5315/5230,7
