category,subcategory,ID,Description,GeneRatio,BgRatio,RichFactor,FoldEnrichment,zScore,pvalue,p.adjust,qvalue,geneID,Count
Human Diseases,Endocrine and metabolic disease,hsa04932,Non-alcoholic fatty liver disease,13/84,82/1700,0.15853658536585366,3.208478513356562,4.672254598021046,1.139345204431161e-4,0.016520505464251836,0.015231246417132365,7381/6389/1350/1327/4715/5291/9167/126328/7388/54539/4711/374291/4716,13
Human Diseases,Neurodegenerative disease,hsa05010,Alzheimer disease,14/84,112/1700,0.125,2.5297619047619047,3.817888652133547,8.113447201780791e-4,0.045904228607782316,0.04232186593966138,7381/5743/6389/1350/1327/4715/5291/9167/126328/7388/54539/4711/374291/4716,14
Human Diseases,Neurodegenerative disease,hsa05020,Prion disease,13/84,101/1700,0.12871287128712872,2.6049033474776047,3.790539199033441,9.604360722610095e-4,0.045904228607782316,0.04232186593966138,7381/6389/1350/1327/4715/5291/9167/126328/7388/54539/4711/374291/4716,13
Human Diseases,Neurodegenerative disease,hsa05022,Pathways of neurodegeneration - multiple diseases,14/84,117/1700,0.11965811965811966,2.421652421652422,3.632131443449033,0.0012663235478008914,0.045904228607782316,0.04232186593966138,2878/7381/5743/6389/1350/1327/4715/9167/126328/7388/54539/4711/374291/4716,14
