gene,baseMean,log2FoldChange,lfcSE,stat,pvalue,padj
SDS,4.6416925200595855,1.3960574082827413,0.25461129615638034,5.483092970962661,4.179532240123598e-8,3.2433170183359124e-5
CES1,3.6024238244881226,-1.1712605278581232,0.23843472940260843,-4.9122899620901865,9.001879325981877e-7,3.492729178480968e-4
IL4I1,3.2888849499690846,1.0559502725615755,0.23092366300587316,4.572724418175885,4.8142314806870185e-6,0.0012452812096710422
AGPAT4,2.3312243212553927,-0.9962620037961019,0.2582627869723974,-3.857551509744144,1.1452854865028654e-4,0.022218538438155588
NME1,4.895198824122725,0.5721419410208632,0.15480189873645317,3.69596203722877,2.1905570604842264e-4,0.033997445578715195
