gene,baseMean,log2FoldChange,lfcSE,stat,pvalue,padj
NAMPT,9.692412528252353,-0.8675044485237907,0.15274546315926343,-5.679412210228909,1.3515839825459768e-8,1.040719666560402e-6
ASAH1,5.207813748442467,-0.6009919031676904,0.13613628749764148,-4.4146341450519015,1.011809591066382e-5,3.89546692560557e-4
TKT,7.364533087641044,-0.584410570344538,0.14558938644165162,-4.014101471461001,5.9672673175225856e-5,0.0015315986114974637
COX7A2L,3.8310704840741017,-0.4676593830828413,0.16320623655546357,-2.865450444498873,0.004164164428589803,0.043750610490149125
UQCRB,13.044250159835427,-0.4050556974589095,0.13318125610548445,-3.0413866733475654,0.002354911948113603,0.030221370000791243
TYMP,10.827479879561826,-0.4019224470885187,0.1271737516420958,-3.1604198342724548,0.0015754195139432402,0.030221370000791243
BLVRB,4.7244193791272435,-0.39887472630644905,0.14056801043225678,-2.8375924584824133,0.0045455179730025065,0.043750610490149125
COX4I1,16.387058658118782,-0.3465170499796854,0.11254196743606637,-3.079002952179037,0.002076946236145287,0.030221370000791243
