gene,baseMean,log2FoldChange,lfcSE,stat,pvalue,padj
LDHB,19.48348949519128,0.37615126599138066,0.09592428092496898,3.921335269488259,8.805963913854228e-5,0.03161341045073668
