gene,baseMean,log2FoldChange,lfcSE,stat,pvalue,padj
HMGCS1,2.6474883135012575,-0.8606394952859607,0.2169389557889813,-3.9671966344445457,7.272299063532965e-5,0.011744762987605739
B3GNT7,2.8932640842006863,-0.8059510555641715,0.2287111640908262,-3.5238815681254225,4.2527428685333715e-4,0.04578786488454264
LDHB,20.018512409111842,0.41223707074270305,0.10099262075896015,4.0818533833931525,4.467797992325958e-5,0.011744762987605739
